[
  {
    "Id": 1,
    "Firstname": "Noam",
    "Surname": "Chomsky",
    "PhotoPath": "/Photo/Chomsky.jpg"
  },
  {
    "Id": 2,
    "Firstname": "Tim",
    "Surname": "Berners-Lee",
    "PhotoPath": "/Photo/Berners-Lee.jpg"
  },
  {
    "Id": 4,
    "Firstname": "Donald",
    "Surname": "Knuth",
    "PhotoPath": "/Photo/Knuth.jpg"
  },
  {
    "Id": 5,
    "Firstname": "Linus",
    "Surname": "Torvalds",
    "PhotoPath": "/Photo/Torvalds.jpg"
  },
  {
    "Id": 6,
    "Firstname": "John",
    "Surname": "Neumann",
    "PhotoPath": "/Photo/Neumann.jpg"
  },
  {
    "Id": 7,
    "Firstname": "Edsger",
    "Surname": "Dijkstra",
    "PhotoPath": "/Photo/Dijkstra.jpg"
  },
  {
    "Id": 8,
    "Firstname": "ForUpdate",
    "Surname": "ForUpdate",
    "PhotoPath": "/Photo/ForUpdate.jpg"
  },
  {
    "Id": 12,
    "Firstname": "Updated2",
    "Surname": "Updated2",
    "PhotoPath": "Photo/Updated2.jpg"
  },
  {
    "Id": 13,
    "Firstname": "Ada",
    "Surname": "Lovelace",
    "PhotoPath": "/Photo/Lovelace.jpg"
  },
  {
    "Id": 14,
    "Firstname": "Charlse",
    "Surname": "Babbage",
    "PhotoPath": "/Photo/Lovelace.jpg"
  },
  {
    "Id": 15,
    "Firstname": "Updated",
    "Surname": "Updated",
    "PhotoPath": "/Photo/Updated.jpg"
  },
  {
    "Id": 18,
    "Firstname": "Updated1",
    "Surname": "Updated1",
    "PhotoPath": "Photo/Updated1.jpg"
  },
  {
    "Id": 19,
    "Firstname": "Updated2",
    "Surname": "Updated2",
    "PhotoPath": "Photo/Updated2.jpg"
  },
  {
    "Id": 22,
    "Firstname": "Updated1",
    "Surname": "Updated1",
    "PhotoPath": "Photo/Updated1.jpg"
  },
  {
    "Id": 23,
    "Firstname": "Updated2",
    "Surname": "Updated2",
    "PhotoPath": "Photo/Updated2.jpg"
  },
  {
    "Id": 24,
    "Firstname": "Updated",
    "Surname": "Updated",
    "PhotoPath": "/Photo/Updated.jpg"
  },
  {
    "Id": 25,
    "Firstname": "Ada",
    "Surname": "Loveplace",
    "PhotoPath": "/Photo/Loveplace.jpg"
  },
  {
    "Id": 26,
    "Firstname": "Charles",
    "Surname": "Babbege",
    "PhotoPath": "/Photo/Loveplace.jpg"
  },
  {
    "Id": 27,
    "Firstname": "Charles",
    "Surname": "Babbege",
    "PhotoPath": "/Photo/Loveplace.jpg"
  },
  {
    "Id": 28,
    "Firstname": "Charles",
    "Surname": "Babbege",
    "PhotoPath": "/Photo/Loveplace.jpg"
  },
  {
    "Id": 29,
    "Firstname": "Charles",
    "Surname": "Babbege",
    "PhotoPath": "/Photo/Loveplace.jpg"
  },
  {
    "Id": 30,
    "Firstname": "Charles",
    "Surname": "Babbege",
    "PhotoPath": "/Photo/Loveplace.jpg"
  },
  {
    "Id": 31,
    "Firstname": "Charles",
    "Surname": "Babbege",
    "PhotoPath": "/Photo/Loveplace.jpg"
  },
  {
    "Id": 32,
    "Firstname": "Charles",
    "Surname": "Babbege",
    "PhotoPath": "/Photo/Loveplace.jpg"
  },
  {
    "Id": 33,
    "Firstname": "Update",
    "Surname": "Update",
    "PhotoPath": "/Photo/Update.jpg"
  },
  {
    "Id": 36,
    "Firstname": "Updated1",
    "Surname": "Updated1",
    "PhotoPath": "Photo/Updated1.jpg"
  },
  {
    "Id": 37,
    "Firstname": "Updated2",
    "Surname": "Updated2",
    "PhotoPath": "Photo/Updated2.jpg"
  },
  {
    "Id": 38,
    "Firstname": "Ada",
    "Surname": "Lovelace",
    "PhotoPath": "/Photo/dfghj.jpg"
  },
  {
    "Id": 39,
    "Firstname": "Ada",
    "Surname": "Lovelace",
    "PhotoPath": "/Photo/dfghj.jpg"
  },
  {
    "Id": 40,
    "Firstname": "Ada",
    "Surname": "Lovelace",
    "PhotoPath": "/Photo/dfghj.jpg"
  },
  {
    "Id": 41,
    "Firstname": "Charlse",
    "Surname": "Babbage",
    "PhotoPath": "/Photo/dfghj.jpg"
  },
  {
    "Id": 42,
    "Firstname": "Charlse",
    "Surname": "Babbage",
    "PhotoPath": "/Photo/dfghj.jpg"
  },
  {
    "Id": 43,
    "Firstname": "Charlse",
    "Surname": "Babbage",
    "PhotoPath": "/Photo/dfghj.jpg"
  },
  {
    "Id": 44,
    "Firstname": "Charlse",
    "Surname": "Babbage",
    "PhotoPath": "/Photo/dfghj.jpg"
  },
  {
    "Id": 45,
    "Firstname": "Charlse",
    "Surname": "Babbage",
    "PhotoPath": "/Photo/dfghj.jpg"
  },
  {
    "Id": 46,
    "Firstname": "Charlse",
    "Surname": "Babbage",
    "PhotoPath": "/Photo/dfghj.jpg"
  },
  {
    "Id": 47,
    "Firstname": "Charlse",
    "Surname": "Babbage",
    "PhotoPath": "/Photo/dfghj.jpg"
  },
  {
    "Id": 50,
    "Firstname": "Updated1",
    "Surname": "Updated1",
    "PhotoPath": "Photo/Updated1.jpg"
  },
  {
    "Id": 51,
    "Firstname": "Updated2",
    "Surname": "Updated2",
    "PhotoPath": "Photo/Updated2.jpg"
  },
  {
    "Id": 52,
    "Firstname": "Charlse",
    "Surname": "Babbage",
    "PhotoPath": "/Photo/dfghj.jpg"
  },
  {
    "Id": 55,
    "Firstname": "Updated1",
    "Surname": "Updated1",
    "PhotoPath": "Photo/Updated1.jpg"
  },
  {
    "Id": 56,
    "Firstname": "Updated2",
    "Surname": "Updated2",
    "PhotoPath": "Photo/Updated2.jpg"
  },
  {
    "Id": 57,
    "Firstname": "F\u0430eehe1",
    "Surname": "F\u0430eehe1",
    "PhotoPath": "/Photo/Berners-Lee.jpg"
  },
  {
    "Id": 60,
    "Firstname": "Updated1",
    "Surname": "Updated1",
    "PhotoPath": "Photo/Updated1.jpg"
  },
  {
    "Id": 61,
    "Firstname": "Updated2",
    "Surname": "Updated2",
    "PhotoPath": "Photo/Updated2.jpg"
  },
  {
    "Id": 64,
    "Firstname": "Updated1",
    "Surname": "Updated1",
    "PhotoPath": "Photo/Updated1.jpg"
  },
  {
    "Id": 65,
    "Firstname": "Updated2",
    "Surname": "Updated2",
    "PhotoPath": "Photo/Updated2.jpg"
  },
  {
    "Id": 68,
    "Firstname": "Updated1",
    "Surname": "Updated1",
    "PhotoPath": "Photo/Updated1.jpg"
  },
  {
    "Id": 69,
    "Firstname": "Updated2",
    "Surname": "Updated2",
    "PhotoPath": "Photo/Updated2.jpg"
  }
]